{
  "IcoMoonType": "selection",
  "icons": [
    {
      "icon": {
        "paths": [
          "M992 384h-352v-352c0-17.664-14.304-32-32-32h-192c-17.696 0-32 14.336-32 32v352h-352c-17.696 0-32 14.336-32 32v192c0 17.696 14.304 32 32 32h352v352c0 17.696 14.304 32 32 32h192c17.696 0 32-14.304 32-32v-352h352c17.696 0 32-14.304 32-32v-192c0-17.664-14.304-32-32-32z"
        ],
        "attrs": [
          {}
        ],
        "isMulticolor": false,
        "isMulticolor2": false,
        "tags": [
          "plus",
          "add",
          "sum"
        ],
        "grid": 16
      },
      "attrs": [
        {}
      ],
      "properties": {
        "order": 1,
        "id": 0,
        "prevSize": 32,
        "name": "plus"
      },
      "setIdx": 0,
      "setId": 8,
      "iconIdx": 0
    },
    {
      "icon": {
        "paths": [
          "M660.48 733.184c-68.622 53.712-156.164 86.131-251.277 86.131-226.216 0-409.6-183.384-409.6-409.6s183.384-409.6 409.6-409.6c226.216 0 409.6 183.384 409.6 409.6 0 95.113-32.419 182.654-86.809 252.177l0.678-0.9 273.92 272.896-72.704 72.704-272.896-273.408zM409.6 716.8c169.662 0 307.2-137.538 307.2-307.2s-137.538-307.2-307.2-307.2v0c-169.662 0-307.2 137.538-307.2 307.2s137.538 307.2 307.2 307.2v0z"
        ],
        "attrs": [
          {}
        ],
        "isMulticolor": false,
        "isMulticolor2": false,
        "tags": [
          "search"
        ],
        "grid": 20
      },
      "attrs": [
        {}
      ],
      "properties": {
        "order": 1,
        "id": 1,
        "name": "search",
        "prevSize": 20
      },
      "setIdx": 1,
      "setId": 7,
      "iconIdx": 0
    },
    {
      "icon": {
        "paths": [
          "M512 1024c-282.77 0-512-229.23-512-512s229.23-512 512-512v0c282.77 0 512 229.23 512 512s-229.23 512-512 512v0zM358.4 307.2v102.4c0 84.831 68.769 153.6 153.6 153.6s153.6-68.769 153.6-153.6v0-102.4c0-84.831-68.769-153.6-153.6-153.6s-153.6 68.769-153.6 153.6v0zM171.52 739.328c74.541 110.327 199.152 181.904 340.48 181.904s265.938-71.577 339.558-180.457l0.922-1.447c-99.91-46.989-216.992-74.415-340.48-74.415s-240.569 27.426-345.486 76.519l5.006-2.104z"
        ],
        "attrs": [
          {}
        ],
        "isMulticolor": false,
        "isMulticolor2": false,
        "tags": [
          "user-solid-circle"
        ],
        "grid": 20
      },
      "attrs": [
        {}
      ],
      "properties": {
        "order": 1,
        "id": 0,
        "name": "user-solid-circle",
        "prevSize": 20
      },
      "setIdx": 1,
      "setId": 7,
      "iconIdx": 1
    },
    {
      "icon": {
        "paths": [
          "M768 342v-86h-512v86h512zM768 470v-86h-512v86h512zM768 598v-86h-512v86h512zM854 86q34 0 59 25t25 59v512q0 34-25 60t-59 26h-598l-170 170v-768q0-34 25-59t59-25h684z"
        ],
        "attrs": [
          {}
        ],
        "isMulticolor": false,
        "isMulticolor2": false,
        "tags": [
          "message"
        ],
        "grid": 24
      },
      "attrs": [
        {}
      ],
      "properties": {
        "order": 1,
        "id": 3,
        "prevSize": 24,
        "name": "message"
      },
      "setIdx": 2,
      "setId": 6,
      "iconIdx": 0
    },
    {
      "icon": {
        "paths": [
          "M512 854q140 0 241-101t101-241-101-241-241-101-241 101-101 241 101 241 241 101zM512 86q176 0 301 125t125 301-125 301-301 125-301-125-125-301 125-301 301-125zM506 390q-80 0-80 116v12q0 116 80 116 30 0 50-17t20-43h76q0 50-44 88-42 36-102 36-80 0-122-48t-42-132v-12q0-82 40-128 48-54 124-54 66 0 104 38 42 42 42 98h-76q0-14-6-26-10-20-14-24-20-20-50-20z"
        ],
        "attrs": [
          {}
        ],
        "isMulticolor": false,
        "isMulticolor2": false,
        "tags": [
          "copyright"
        ],
        "grid": 24
      },
      "attrs": [
        {}
      ],
      "properties": {
        "order": 1,
        "id": 2,
        "name": "copyright",
        "prevSize": 24
      },
      "setIdx": 2,
      "setId": 6,
      "iconIdx": 1
    },
    {
      "icon": {
        "paths": [
          "M768 682l86 86v42h-684v-42l86-86v-212q0-100 51-174t141-96v-30q0-26 18-45t46-19 46 19 18 45v30q90 22 141 96t51 174v212zM512 938q-36 0-61-24t-25-60h172q0 34-26 59t-60 25z"
        ],
        "attrs": [
          {}
        ],
        "isMulticolor": false,
        "isMulticolor2": false,
        "tags": [
          "notifications"
        ],
        "grid": 24
      },
      "attrs": [
        {}
      ],
      "properties": {
        "order": 1,
        "id": 1,
        "name": "notifications",
        "prevSize": 24
      },
      "setIdx": 2,
      "setId": 6,
      "iconIdx": 2
    },
    {
      "icon": {
        "paths": [
          "M512 682q-34 0-60-25t-26-59q0-36 26-62l362-240-242 362q-24 24-60 24zM870 366q28 44 48 112t20 120q0 118-56 212-26 44-74 44h-592q-48 0-74-44-56-94-56-212 0-176 125-301t303-125q52 0 119 20t111 48l-80 52q-72-36-152-36-140 0-241 100t-101 242q0 92 46 170h592q46-78 46-170 0-82-36-154z"
        ],
        "attrs": [
          {}
        ],
        "isMulticolor": false,
        "isMulticolor2": false,
        "tags": [
          "speed"
        ],
        "grid": 24
      },
      "attrs": [
        {}
      ],
      "properties": {
        "order": 1,
        "id": 0,
        "prevSize": 24,
        "name": "speed"
      },
      "setIdx": 2,
      "setId": 6,
      "iconIdx": 3
    },
    {
      "icon": {
        "paths": [
          "M864 704h-736c-35.328 0-64-28.672-64-64v-160c0-35.328 28.672-64 64-64h32c0 0 47.328-144 61.312-192s28.672-64 64.032-64h421.312c35.328 0 46.016 9.984 64 64s61.344 192 61.344 192h32c35.328 0 64 28.672 64 64v160c0 35.328-28.672 64-64 64zM288 640h416v-32h-416v32zM704 416c0-35.328-28.672-68-64-68s-64 32.672-64 68c0 0.832 128 0.832 128 0zM288 576h416v-32h-416v32zM288 512h416v-32h-416v32zM129.984 544c0 35.328 28.672 64 64 64s64-28.672 64-64-28.672-64-64-64-64 28.672-64 64zM738.656 224c-8-22.016-14.304-32-32-32h-194.656v32h16c8.832 0 16 7.168 16 16s-7.168 16-16 16h-64c-8.832 0-16-7.168-16-16s7.168-16 16-16h16v-32h-194.656c-17.696 0-24.032 4-32 32-8.032 28-61.344 192-61.344 192h366.72c0.736-43.648 36.16-84.576 79.84-84.576 43.712 0 79.104 40.896 79.872 84.576h81.568c0 0-53.344-169.984-61.344-192zM798.016 481.984c-35.328 0-64 28.672-64 64s28.672 64 64 64 64-28.672 64-64-28.672-64-64-64zM224 816c0 26.496-21.504 48-48 48s-48-21.504-48-48v-80h96v80zM864 816c0 26.496-21.504 48-48 48s-48-21.504-48-48v-80h96v80z"
        ],
        "attrs": [
          {}
        ],
        "isMulticolor": false,
        "isMulticolor2": false,
        "tags": [
          "car",
          "automobile",
          "travel"
        ],
        "grid": 32
      },
      "attrs": [
        {}
      ],
      "properties": {
        "order": 1,
        "id": 0,
        "prevSize": 32,
        "name": "car"
      },
      "setIdx": 3,
      "setId": 5,
      "iconIdx": 0
    },
    {
      "icon": {
        "paths": [
          "M338.857 512c-59.429 1.714-113.143 27.429-151.429 73.143h-76.571c-57.143 0-110.857-27.429-110.857-90.857 0-46.286-1.714-201.714 70.857-201.714 12 0 71.429 48.571 148.571 48.571 26.286 0 51.429-4.571 76-13.143-1.714 12.571-2.857 25.143-2.857 37.714 0 52 16.571 103.429 46.286 146.286zM950.857 876c0 92.571-61.143 148-152.571 148h-499.429c-91.429 0-152.571-55.429-152.571-148 0-129.143 30.286-327.429 197.714-327.429 19.429 0 90.286 79.429 204.571 79.429s185.143-79.429 204.571-79.429c167.429 0 197.714 198.286 197.714 327.429zM365.714 146.286c0 80.571-65.714 146.286-146.286 146.286s-146.286-65.714-146.286-146.286 65.714-146.286 146.286-146.286 146.286 65.714 146.286 146.286zM768 365.714c0 121.143-98.286 219.429-219.429 219.429s-219.429-98.286-219.429-219.429 98.286-219.429 219.429-219.429 219.429 98.286 219.429 219.429zM1097.143 494.286c0 63.429-53.714 90.857-110.857 90.857h-76.571c-38.286-45.714-92-71.429-151.429-73.143 29.714-42.857 46.286-94.286 46.286-146.286 0-12.571-1.143-25.143-2.857-37.714 24.571 8.571 49.714 13.143 76 13.143 77.143 0 136.571-48.571 148.571-48.571 72.571 0 70.857 155.429 70.857 201.714zM1024 146.286c0 80.571-65.714 146.286-146.286 146.286s-146.286-65.714-146.286-146.286 65.714-146.286 146.286-146.286 146.286 65.714 146.286 146.286z"
        ],
        "attrs": [
          {}
        ],
        "width": 1097,
        "isMulticolor": false,
        "isMulticolor2": false,
        "tags": [
          "group",
          "users"
        ],
        "grid": 14
      },
      "attrs": [
        {}
      ],
      "properties": {
        "order": 1,
        "id": 1,
        "name": "group, users",
        "prevSize": 28
      },
      "setIdx": 4,
      "setId": 4,
      "iconIdx": 0
    },
    {
      "icon": {
        "paths": [
          "M274.286 621.714c0-50.286-41.143-91.429-91.429-91.429s-91.429 41.143-91.429 91.429 41.143 91.429 91.429 91.429 91.429-41.143 91.429-91.429zM294.857 438.857h580.571l-50.857-204c-1.714-6.286-13.143-15.429-20-15.429h-438.857c-6.857 0-18.286 9.143-20 15.429zM1078.857 621.714c0-50.286-41.143-91.429-91.429-91.429s-91.429 41.143-91.429 91.429 41.143 91.429 91.429 91.429 91.429-41.143 91.429-91.429zM1170.286 566.857v219.429c0 10.286-8 18.286-18.286 18.286h-54.857v73.143c0 60.571-49.143 109.714-109.714 109.714s-109.714-49.143-109.714-109.714v-73.143h-585.143v73.143c0 60.571-49.143 109.714-109.714 109.714s-109.714-49.143-109.714-109.714v-73.143h-54.857c-10.286 0-18.286-8-18.286-18.286v-219.429c0-70.857 57.143-128 128-128h16l60-239.429c17.714-72 87.429-126.286 161.714-126.286h438.857c74.286 0 144 54.286 161.714 126.286l60 239.429h16c70.857 0 128 57.143 128 128z"
        ],
        "attrs": [
          {}
        ],
        "width": 1170,
        "isMulticolor": false,
        "isMulticolor2": false,
        "tags": [
          "automobile",
          "car"
        ],
        "grid": 14
      },
      "attrs": [
        {}
      ],
      "properties": {
        "order": 1,
        "id": 0,
        "prevSize": 28,
        "name": "automobile"
      },
      "setIdx": 4,
      "setId": 4,
      "iconIdx": 1
    },
    {
      "icon": {
        "paths": [
          "M956.006 563.2h-85.606v307.2c0 22.784-9.933 51.2-51.2 51.2h-204.8v-307.2h-204.8v307.2h-204.8c-41.267 0-51.2-28.416-51.2-51.2v-307.2h-85.606c-30.618 0-24.064-16.589-3.072-38.298l410.829-411.238c9.984-10.342 23.091-15.462 36.25-15.974 13.158 0.512 26.266 5.581 36.25 15.974l410.778 411.187c21.043 21.76 27.597 38.349-3.021 38.349z"
        ],
        "attrs": [],
        "isMulticolor": false,
        "isMulticolor2": false,
        "tags": [
          "home"
        ],
        "grid": 20
      },
      "attrs": [],
      "properties": {
        "id": 4,
        "order": 14,
        "prevSize": 20,
        "name": "home"
      },
      "setIdx": 5,
      "setId": 3,
      "iconIdx": 4
    },
    {
      "icon": {
        "paths": [
          "M898.304 791.91l-193.485-193.485c29.184-47.872 45.978-104.192 45.978-164.352 0-174.95-151.603-326.502-326.554-326.502-174.95-0.051-316.723 141.773-316.723 316.723 0 174.899 151.603 326.502 326.502 326.502 58.214 0 112.64-15.821 159.488-43.213l194.509 194.611c19.046 18.995 49.92 18.995 68.915 0l48.282-48.282c18.995-18.995 12.083-43.008-6.912-62.003zM205.005 424.294c0-121.139 98.15-219.29 219.238-219.29 121.139 0 229.069 107.878 229.069 229.069 0 121.088-98.202 219.29-219.29 219.29-121.139-0.051-229.018-107.981-229.018-229.069z"
        ],
        "attrs": [],
        "isMulticolor": false,
        "isMulticolor2": false,
        "tags": [
          "magnifying-glass"
        ],
        "grid": 20
      },
      "attrs": [],
      "properties": {
        "id": 7,
        "order": 13,
        "prevSize": 20,
        "name": "magnifying-glass"
      },
      "setIdx": 5,
      "setId": 3,
      "iconIdx": 7
    },
    {
      "icon": {
        "paths": [
          "M891.802 312.781c13.926-13.722 36.301-13.722 50.125 0s13.875 35.891 0 49.613l-404.89 400.896c-13.824 13.722-36.198 13.722-50.125 0l-404.89-400.896c-13.824-13.722-13.824-35.891 0-49.613 13.875-13.722 36.301-13.722 50.125 0l379.853 365.619 379.802-365.619z"
        ],
        "attrs": [],
        "isMulticolor": false,
        "isMulticolor2": false,
        "tags": [
          "chevron-thin-down"
        ],
        "grid": 20
      },
      "attrs": [],
      "properties": {
        "id": 41,
        "order": 15,
        "prevSize": 20,
        "name": "chevron-thin-down"
      },
      "setIdx": 6,
      "setId": 2,
      "iconIdx": 40
    },
    {
      "icon": {
        "paths": [
          "M512 225.28c-335.923 0-512 247.398-512 286.72 0 39.219 176.077 286.72 512 286.72 335.872 0 512-247.501 512-286.72 0-39.322-176.128-286.72-512-286.72zM512 732.518c-125.696 0-227.584-98.714-227.584-220.518s101.888-220.621 227.584-220.621c125.696 0 227.533 98.816 227.533 220.621s-101.837 220.518-227.533 220.518zM512 512c-20.838-22.886 33.946-110.285 0-110.285-62.874 0-113.818 49.408-113.818 110.285s50.944 110.285 113.818 110.285c62.822 0 113.818-49.408 113.818-110.285 0-28.006-96.102 19.405-113.818 0z"
        ],
        "attrs": [],
        "isMulticolor": false,
        "isMulticolor2": false,
        "tags": [
          "eye"
        ],
        "grid": 20
      },
      "attrs": [],
      "properties": {
        "id": 162,
        "order": 39,
        "prevSize": 20,
        "name": "eye"
      },
      "setIdx": 6,
      "setId": 2,
      "iconIdx": 161
    },
    {
      "icon": {
        "paths": [
          "M819.2 512c0 28.314-2.458 51.2-30.771 51.2h-225.229v225.229c0 28.262-22.886 30.771-51.2 30.771s-51.2-2.509-51.2-30.771v-225.229h-225.229c-28.262 0-30.771-22.886-30.771-51.2s2.509-51.2 30.771-51.2h225.229v-225.229c0-28.314 22.886-30.771 51.2-30.771s51.2 2.458 51.2 30.771v225.229h225.229c28.314 0 30.771 22.886 30.771 51.2z"
        ],
        "attrs": [],
        "isMulticolor": false,
        "isMulticolor2": false,
        "tags": [
          "plus"
        ],
        "grid": 20
      },
      "attrs": [],
      "properties": {
        "id": 248,
        "order": 41,
        "prevSize": 20,
        "name": "plus1"
      },
      "setIdx": 6,
      "setId": 2,
      "iconIdx": 247
    },
    {
      "icon": {
        "paths": [
          "M512 20.48c-271.462 0-491.52 220.058-491.52 491.52s220.058 491.52 491.52 491.52 491.52-220.058 491.52-491.52-220.058-491.52-491.52-491.52zM628.429 360.141h-73.882c-8.755 0-18.483 11.52-18.483 26.829v53.35h92.416l-13.978 76.083h-78.438v228.403h-87.194v-228.403h-79.104v-76.083h79.104v-44.749c0-64.205 44.544-116.378 105.677-116.378h73.882v80.947z"
        ],
        "attrs": [],
        "isMulticolor": false,
        "isMulticolor2": false,
        "tags": [
          "facebook-with-circle"
        ],
        "grid": 20
      },
      "attrs": [],
      "properties": {
        "id": 359,
        "order": 17,
        "prevSize": 20,
        "name": "facebook-with-circle"
      },
      "setIdx": 6,
      "setId": 2,
      "iconIdx": 358
    },
    {
      "icon": {
        "paths": [
          "M665.6 512c0 84.838-68.762 153.6-153.6 153.6s-153.6-68.762-153.6-153.6c0-8.755 0.922-17.306 2.509-25.6h-53.709v204.646c0 14.234 11.52 25.754 25.754 25.754h358.144c14.182 0 25.702-11.52 25.702-25.754v-204.646h-53.709c1.587 8.294 2.509 16.845 2.509 25.6zM512 614.4c56.525 0 102.4-45.875 102.4-102.4s-45.875-102.4-102.4-102.4-102.4 45.875-102.4 102.4 45.875 102.4 102.4 102.4zM634.88 404.48h61.389c8.499 0 15.411-6.912 15.411-15.36v-61.389c0-8.499-6.912-15.411-15.411-15.411h-61.389c-8.499 0-15.411 6.912-15.411 15.411v61.389c0.051 8.448 6.963 15.36 15.411 15.36zM512 20.48c-271.462 0-491.52 220.058-491.52 491.52s220.058 491.52 491.52 491.52c271.462 0 491.52-220.058 491.52-491.52s-220.058-491.52-491.52-491.52zM768 711.117c0 31.283-25.6 56.883-56.883 56.883h-398.234c-31.283 0-56.883-25.6-56.883-56.883v-398.234c0-31.283 25.6-56.883 56.883-56.883h398.234c31.283 0 56.883 25.6 56.883 56.883v398.234z"
        ],
        "attrs": [],
        "isMulticolor": false,
        "isMulticolor2": false,
        "tags": [
          "instagram-with-circle"
        ],
        "grid": 20
      },
      "attrs": [],
      "properties": {
        "id": 367,
        "order": 19,
        "prevSize": 20,
        "name": "instagram-with-circle"
      },
      "setIdx": 6,
      "setId": 2,
      "iconIdx": 366
    },
    {
      "icon": {
        "paths": [
          "M886.579 319.795c0.41 8.294 0.563 16.691 0.563 24.986 0 255.488-194.406 549.99-549.888 549.99-109.21 0-210.739-32-296.294-86.886 15.155 1.792 30.515 2.714 46.080 2.714 90.624 0 173.926-30.925 240.026-82.688-84.531-1.587-155.955-57.395-180.531-134.195 11.776 2.202 23.91 3.379 36.352 3.379 17.664 0 34.765-2.304 50.944-6.707-88.422-17.818-155.034-95.898-155.034-189.594 0-0.819 0-1.587 0-2.406 26.061 14.49 55.91 23.194 87.552 24.218-51.866-34.714-86.016-93.798-86.016-160.922 0-35.379 9.523-68.608 26.214-97.178 95.283 116.992 237.773 193.894 398.387 201.984-3.277-14.182-4.966-28.877-4.966-44.083 0-106.701 86.477-193.178 193.229-193.178 55.603 0 105.83 23.398 141.107 60.979 43.981-8.704 85.35-24.781 122.726-46.899-14.438 45.107-45.107 82.995-84.992 106.906 39.117-4.71 76.288-15.002 111.002-30.413-25.907 38.81-58.675 72.806-96.461 99.994z"
        ],
        "attrs": [],
        "isMulticolor": false,
        "isMulticolor2": false,
        "tags": [
          "twitter"
        ],
        "grid": 20
      },
      "attrs": [],
      "properties": {
        "id": 381,
        "order": 16,
        "prevSize": 20,
        "name": "twitter"
      },
      "setIdx": 6,
      "setId": 2,
      "iconIdx": 380
    },
    {
      "icon": {
        "paths": [
          "M594.074 503.45l-114.995-53.658c-10.035-4.659-18.278 0.563-18.278 11.674v101.069c0 11.11 8.243 16.333 18.278 11.674l114.944-53.658c10.086-4.71 10.086-12.39 0.051-17.101zM512 20.48c-271.462 0-491.52 220.058-491.52 491.52s220.058 491.52 491.52 491.52 491.52-220.058 491.52-491.52-220.058-491.52-491.52-491.52zM512 711.68c-251.597 0-256-22.682-256-199.68s4.403-199.68 256-199.68 256 22.682 256 199.68-4.403 199.68-256 199.68z"
        ],
        "attrs": [],
        "isMulticolor": false,
        "isMulticolor2": false,
        "tags": [
          "youtube-with-circle"
        ],
        "grid": 20
      },
      "attrs": [],
      "properties": {
        "id": 384,
        "order": 18,
        "prevSize": 20,
        "name": "youtube-with-circle"
      },
      "setIdx": 6,
      "setId": 2,
      "iconIdx": 383
    },
    {
      "icon": {
        "width": 1152,
        "paths": [
          "M480 0v0c265.096 0 480 173.914 480 388.448s-214.904 388.448-480 388.448c-25.458 0-50.446-1.62-74.834-4.71-103.106 102.694-222.172 121.108-341.166 123.814v-25.134c64.252-31.354 116-88.466 116-153.734 0-9.106-0.712-18.048-2.030-26.794-108.558-71.214-177.97-179.988-177.97-301.89 0-214.534 214.904-388.448 480-388.448zM996 870.686c0 55.942 36.314 104.898 92 131.772v21.542c-103.126-2.318-197.786-18.102-287.142-106.126-21.14 2.65-42.794 4.040-64.858 4.040-95.47 0-183.408-25.758-253.614-69.040 144.674-0.506 281.26-46.854 384.834-130.672 52.208-42.252 93.394-91.826 122.414-147.348 30.766-58.866 46.366-121.582 46.366-186.406 0-10.448-0.45-20.836-1.258-31.168 72.57 59.934 117.258 141.622 117.258 231.676 0 104.488-60.158 197.722-154.24 258.764-1.142 7.496-1.76 15.16-1.76 22.966z"
        ],
        "tags": [
          "bubbles",
          "comments",
          "chat",
          "talk"
        ],
        "defaultCode": 59757,
        "grid": 16,
        "attrs": []
      },
      "attrs": [],
      "properties": {
        "ligatures": "bubbles2, comments2",
        "name": "bubbles2",
        "order": 21,
        "id": 110,
        "prevSize": 32
      },
      "setIdx": 7,
      "setId": 1,
      "iconIdx": 109
    },
    {
      "icon": {
        "width": 1152,
        "paths": [
          "M768 770.612v-52.78c70.498-39.728 128-138.772 128-237.832 0-159.058 0-288-192-288s-192 128.942-192 288c0 99.060 57.502 198.104 128 237.832v52.78c-217.102 17.748-384 124.42-384 253.388h896c0-128.968-166.898-235.64-384-253.388z",
          "M327.196 795.328c55.31-36.15 124.080-63.636 199.788-80.414-15.054-17.784-28.708-37.622-40.492-59.020-30.414-55.234-46.492-116.058-46.492-175.894 0-86.042 0-167.31 30.6-233.762 29.706-64.504 83.128-104.496 159.222-119.488-16.914-76.48-61.94-126.75-181.822-126.75-192 0-192 128.942-192 288 0 99.060 57.502 198.104 128 237.832v52.78c-217.102 17.748-384 124.42-384 253.388h279.006c14.518-12.91 30.596-25.172 48.19-36.672z"
        ],
        "tags": [
          "users",
          "group",
          "team",
          "members",
          "community",
          "collaborate"
        ],
        "defaultCode": 59762,
        "grid": 16,
        "attrs": []
      },
      "attrs": [],
      "properties": {
        "ligatures": "users, group",
        "name": "users1",
        "order": 20,
        "id": 115,
        "prevSize": 32
      },
      "setIdx": 7,
      "setId": 1,
      "iconIdx": 114
    },
    {
      "icon": {
        "paths": [
          "M512 64c282.77 0 512 229.23 512 512 0 192.792-106.576 360.666-264.008 448h-495.984c-157.432-87.334-264.008-255.208-264.008-448 0-282.77 229.23-512 512-512zM801.914 865.914c77.438-77.44 120.086-180.398 120.086-289.914h-90v-64h85.038c-7.014-44.998-21.39-88.146-42.564-128h-106.474v-64h64.284c-9.438-11.762-19.552-23.096-30.37-33.914-46.222-46.22-101.54-80.038-161.914-99.798v69.712h-64v-85.040c-20.982-3.268-42.36-4.96-64-4.96s-43.018 1.69-64 4.96v85.040h-64v-69.712c-60.372 19.76-115.692 53.576-161.914 99.798-10.818 10.818-20.932 22.152-30.37 33.914h64.284v64h-106.476c-21.174 39.854-35.552 83.002-42.564 128h85.040v64h-90c0 109.516 42.648 212.474 120.086 289.914 10.71 10.71 21.924 20.728 33.56 30.086h192.354l36.572-512h54.856l36.572 512h192.354c11.636-9.358 22.852-19.378 33.56-30.086z"
        ],
        "tags": [
          "meter",
          "gauge",
          "dashboard",
          "speedometer",
          "performance"
        ],
        "defaultCode": 59814,
        "grid": 16,
        "attrs": []
      },
      "attrs": [],
      "properties": {
        "ligatures": "meter, gauge",
        "name": "meter",
        "order": 30,
        "id": 167,
        "prevSize": 32
      },
      "setIdx": 7,
      "setId": 1,
      "iconIdx": 166
    },
    {
      "icon": {
        "paths": [
          "M512 0c-282.77 0-512 229.23-512 512s229.23 512 512 512 512-229.23 512-512-229.23-512-512-512zM302.836 834.152c11.106-30.632 17.164-63.688 17.164-98.152 0-124.35-78.81-230.292-189.208-270.606 10.21-84.924 48.254-163.498 109.678-224.924 72.53-72.526 168.96-112.47 271.53-112.47s199 39.944 271.53 112.47c61.428 61.426 99.468 140 109.682 224.924-110.402 40.314-189.212 146.256-189.212 270.606 0 34.468 6.060 67.52 17.166 98.15-61.706 40.242-133.77 61.85-209.166 61.85-75.394 0-147.458-21.608-209.164-61.848zM551.754 640.996c13.878 3.494 24.246 16.080 24.246 31.004v64c0 17.6-14.4 32-32 32h-64c-17.6 0-32-14.4-32-32v-64c0-14.924 10.368-27.51 24.246-31.004l23.754-448.996h32l23.754 448.996z"
        ],
        "tags": [
          "meter",
          "gauge",
          "dashboard",
          "speedometer",
          "performance"
        ],
        "defaultCode": 59815,
        "grid": 16,
        "attrs": []
      },
      "attrs": [],
      "properties": {
        "ligatures": "meter2, gauge2",
        "name": "meter2",
        "order": 31,
        "id": 168,
        "prevSize": 32
      },
      "setIdx": 7,
      "setId": 1,
      "iconIdx": 167
    },
    {
      "icon": {
        "paths": [
          "M321.008 1024c-68.246-142.008-31.902-223.378 20.55-300.044 57.44-83.956 72.244-167.066 72.244-167.066s45.154 58.7 27.092 150.508c79.772-88.8 94.824-230.28 82.782-284.464 180.314 126.012 257.376 398.856 153.522 601.066 552.372-312.532 137.398-780.172 65.154-832.85 24.082 52.676 28.648 141.85-20 185.126-82.352-312.276-285.972-376.276-285.972-376.276 24.082 161.044-87.296 337.144-194.696 468.73-3.774-64.216-7.782-108.528-41.55-169.98-7.58 116.656-96.732 211.748-120.874 328.628-32.702 158.286 24.496 274.18 241.748 396.622z"
        ],
        "tags": [
          "fire",
          "flame",
          "hot",
          "popular"
        ],
        "defaultCode": 59817,
        "grid": 16,
        "attrs": []
      },
      "attrs": [],
      "properties": {
        "ligatures": "fire, flame",
        "name": "fire",
        "order": 29,
        "id": 170,
        "prevSize": 32
      },
      "setIdx": 7,
      "setId": 1,
      "iconIdx": 169
    },
    {
      "icon": {
        "paths": [
          "M928 0h-832c-52.8 0-96 43.2-96 96v832c0 52.8 43.2 96 96 96h416v-448h-128v-128h128v-64c0-105.8 86.2-192 192-192h128v128h-128c-35.2 0-64 28.8-64 64v64h192l-32 128h-160v448h288c52.8 0 96-43.2 96-96v-832c0-52.8-43.2-96-96-96z"
        ],
        "tags": [
          "facebook",
          "brand",
          "social"
        ],
        "defaultCode": 60049,
        "grid": 16,
        "attrs": []
      },
      "attrs": [],
      "properties": {
        "ligatures": "facebook2, brand11",
        "name": "facebook2",
        "order": 24,
        "id": 402,
        "prevSize": 32
      },
      "setIdx": 7,
      "setId": 1,
      "iconIdx": 401
    },
    {
      "icon": {
        "paths": [
          "M512 92.2c136.8 0 153 0.6 206.8 3 50 2.2 77 10.6 95 17.6 23.8 9.2 41 20.4 58.8 38.2 18 18 29 35 38.4 58.8 7 18 15.4 45.2 17.6 95 2.4 54 3 70.2 3 206.8s-0.6 153-3 206.8c-2.2 50-10.6 77-17.6 95-9.2 23.8-20.4 41-38.2 58.8-18 18-35 29-58.8 38.4-18 7-45.2 15.4-95 17.6-54 2.4-70.2 3-206.8 3s-153-0.6-206.8-3c-50-2.2-77-10.6-95-17.6-23.8-9.2-41-20.4-58.8-38.2-18-18-29-35-38.4-58.8-7-18-15.4-45.2-17.6-95-2.4-54-3-70.2-3-206.8s0.6-153 3-206.8c2.2-50 10.6-77 17.6-95 9.2-23.8 20.4-41 38.2-58.8 18-18 35-29 58.8-38.4 18-7 45.2-15.4 95-17.6 53.8-2.4 70-3 206.8-3zM512 0c-139 0-156.4 0.6-211 3-54.4 2.4-91.8 11.2-124.2 23.8-33.8 13.2-62.4 30.6-90.8 59.2-28.6 28.4-46 57-59.2 90.6-12.6 32.6-21.4 69.8-23.8 124.2-2.4 54.8-3 72.2-3 211.2s0.6 156.4 3 211c2.4 54.4 11.2 91.8 23.8 124.2 13.2 33.8 30.6 62.4 59.2 90.8 28.4 28.4 57 46 90.6 59 32.6 12.6 69.8 21.4 124.2 23.8 54.6 2.4 72 3 211 3s156.4-0.6 211-3c54.4-2.4 91.8-11.2 124.2-23.8 33.6-13 62.2-30.6 90.6-59s46-57 59-90.6c12.6-32.6 21.4-69.8 23.8-124.2 2.4-54.6 3-72 3-211s-0.6-156.4-3-211c-2.4-54.4-11.2-91.8-23.8-124.2-12.6-34-30-62.6-58.6-91-28.4-28.4-57-46-90.6-59-32.6-12.6-69.8-21.4-124.2-23.8-54.8-2.6-72.2-3.2-211.2-3.2v0z",
          "M512 249c-145.2 0-263 117.8-263 263s117.8 263 263 263 263-117.8 263-263c0-145.2-117.8-263-263-263zM512 682.6c-94.2 0-170.6-76.4-170.6-170.6s76.4-170.6 170.6-170.6c94.2 0 170.6 76.4 170.6 170.6s-76.4 170.6-170.6 170.6z",
          "M846.8 238.6c0 33.91-27.49 61.4-61.4 61.4s-61.4-27.49-61.4-61.4c0-33.91 27.49-61.4 61.4-61.4s61.4 27.49 61.4 61.4z"
        ],
        "tags": [
          "instagram",
          "brand",
          "social"
        ],
        "defaultCode": 60050,
        "grid": 16,
        "attrs": []
      },
      "attrs": [],
      "properties": {
        "ligatures": "instagram, brand12",
        "name": "instagram",
        "order": 23,
        "id": 403,
        "prevSize": 32
      },
      "setIdx": 7,
      "setId": 1,
      "iconIdx": 402
    },
    {
      "icon": {
        "paths": [
          "M1024 226.4c-37.6 16.8-78.2 28-120.6 33 43.4-26 76.6-67.2 92.4-116.2-40.6 24-85.6 41.6-133.4 51-38.4-40.8-93-66.2-153.4-66.2-116 0-210 94-210 210 0 16.4 1.8 32.4 5.4 47.8-174.6-8.8-329.4-92.4-433-219.6-18 31-28.4 67.2-28.4 105.6 0 72.8 37 137.2 93.4 174.8-34.4-1-66.8-10.6-95.2-26.2 0 0.8 0 1.8 0 2.6 0 101.8 72.4 186.8 168.6 206-17.6 4.8-36.2 7.4-55.4 7.4-13.6 0-26.6-1.4-39.6-3.8 26.8 83.4 104.4 144.2 196.2 146-72 56.4-162.4 90-261 90-17 0-33.6-1-50.2-3 93.2 59.8 203.6 94.4 322.2 94.4 386.4 0 597.8-320.2 597.8-597.8 0-9.2-0.2-18.2-0.6-27.2 41-29.4 76.6-66.4 104.8-108.6z"
        ],
        "tags": [
          "twitter",
          "brand",
          "tweet",
          "social"
        ],
        "defaultCode": 60054,
        "grid": 16,
        "attrs": []
      },
      "attrs": [],
      "properties": {
        "ligatures": "twitter, brand16",
        "name": "twitter1",
        "order": 25,
        "id": 407,
        "prevSize": 32
      },
      "setIdx": 7,
      "setId": 1,
      "iconIdx": 406
    },
    {
      "icon": {
        "width": 2569,
        "paths": [
          "M344.012 169.399c0.209-0.865 0.344-1.479 0.388-1.8l1.042-7.559-47.349-0.267c-42.779-0.242-55.87 0.007-57.047 1.084-0.565 0.516-15.333 56.633-41.655 158.273-12.556 48.484-23.124 87.206-23.487 86.051s-15.391-56.498-33.397-122.98c-18.006-66.482-33.104-121.243-33.55-121.692-0.623-0.623-57.98-0.9-104.417-0.502-6.735 0.056-10.477-13.11 60.021 211.133 9.759 31.041 24.371 74.997 32.469 97.679 9.333 26.141 15.989 46.323 20.534 63.173 8.038 32.067 8.319 52.163 6.565 75.625-2.026 27.101-2.321 218.438-0.342 221.638 1.512 2.449 91.223 3.589 99.712 1.268 1.358-0.372 2.265-1.691 2.87-8.928 2.119-6.219 2.286-30.969 2.286-133.744v-131.281l5.742-18.112c3.756-11.849 13.201-42.995 20.989-69.22 7.789-26.222 17.21-57.619 20.938-69.771 33.834-110.319 66.14-218.831 66.994-225.011l0.693-5.056z",
          "M846.122 328.651l-0.021 6.838-1.065 0.014-0.595 188.993-0.577 183.227-14.666 14.929c-16.424 16.719-29.585 23.101-41.488 20.113-12.963-3.254-12.64 1.8-13.722-214.768l-0.998-199.347h-94.316v6.851h-1.086v216.289c0 231.737-0.007 231.599 11.752 254.875 9.366 18.536 23.010 27.559 46.391 30.671h0.002c30.79 4.1 64.001-9.849 94.77-39.809l13.373-13.022v22.445c0 19.396 0.554 22.601 4.070 23.58 5.756 1.605 77.173 1.707 84.89 0.126l6.396-1.314v-6.628l1.086-0.223v-495.098l-94.195 1.258z",
          "M606.892 426.33c-8.935-38.341-25.68-64.115-53.233-81.939-43.281-27.999-92.718-30.957-138.586-8.291-33.425 16.515-54.951 43.914-66.071 84.083-1.326 4.786-2.298 8.812-3.033 14.815-2.83 14.184-3.163 35.351-3.889 133.951-1.121 151.928 0.616 170.003 19.643 204.51 18.664 33.848 57.403 58.661 99.572 63.782 12.696 1.54 38.43-0.858 53.23-4.961 33.632-9.326 65.864-35.906 80.118-66.078 6.158-13.033 9.875-22.096 12.115-38.651 4.175-22.617 4.47-59.175 4.47-152.375-0.002-118.875-0.379-131.862-4.337-148.847zM499.34 736.003c-7.907 6.028-21.734 8.649-32.983 6.249-8.656-1.847-20.338-15.419-23.934-27.801-4.479-15.436-4.823-229.985-0.954-272.059 6.379-21.054 24.19-32.050 43.635-26.813 15.157 4.082 22.915 13.575 27.336 33.457 3.282 14.754 3.67 33.129 2.972 141.26-0.46 71.701-0.716 106.742-3.058 125.553-2.382 11.87-6.319 15.047-13.015 20.154z",
          "M2300.389 534.137h45.57l-0.726-41.281c-0.705-37.869-1.263-42.2-6.324-52.472-7.982-16.21-19.759-23.401-38.446-23.401-22.448 0-36.678 10.849-43.388 33.141-2.858 9.486-5.863 74.685-3.707 80.308 1.205 3.144 7.724 3.705 47.021 3.705z",
          "M1995.795 440.237c-6.077-12.247-17.385-18.278-30.525-17.806-10.221 0.365-21.561 4.677-32.488 13.010l-8.14 6.177v296.598l8.14 6.177c18.429 14.052 38.674 17.031 52.619 7.703 5.519-3.691 9.117-8.779 11.919-16.861 3.647-10.524 3.965-24.003 3.489-148.772-0.495-130.043-0.781-137.702-5.014-146.226z",
          "M2560.878 306.633c-9.080-108.842-16.303-144.165-38.751-189.544-29.729-60.101-72.692-91.788-133.876-98.747-47.309-5.379-225.315-12.97-390.044-16.631-285.188-6.338-754.057 5.858-813.939 21.173-27.673 7.077-48.426 19.11-70.022 40.604-37.844 37.662-60.391 91.679-69.452 166.396-20.692 170.606-21.134 376.727-1.188 553.515 8.577 76.041 26.243 125.443 59.41 166.159 20.694 25.406 56.352 46.998 88.26 53.442 22.385 4.523 134.42 10.798 297.605 16.668 24.306 0.874 88.667 2.379 143.030 3.344 113.301 2.012 321.627 0.821 440.719-2.519 80.127-2.249 226.201-8.172 253.5-10.282 7.677-0.593 25.469-1.728 39.537-2.523 47.277-2.67 77.353-12.568 105.596-34.76 36.553-28.718 64.857-81.795 76.815-144.037 11.314-58.894 18.887-163.773 20.422-282.851 1.284-99.491-0.426-153.175-7.621-239.409zM1425.273 267.192l-52.982 0.654-2.326 565.143-45.932 0.581c-35.525 0.488-46.307-0.044-47.167-2.326-0.616-1.626-1.356-129.020-1.672-283.153l-0.581-280.246-103.493-1.307v-88.304l305.829 1.235 1.307 87.069-52.982 0.654zM1750.216 591.117v243.035h-83.725v-25.583c0-19.247-0.735-25.583-2.979-25.583-1.64 0-9.226 6.344-16.861 14.098-16.557 16.817-36.171 30.367-52.91 36.63-34.662 12.968-67.589 5.4-81.618-18.75-12.838-22.11-13.082-27.052-13.082-256.335v-210.547h83.653l0.654 198.265c0.623 194.821 0.714 198.393 5.377 206.333 6.182 10.521 15.608 13.347 30.597 9.231 8.817-2.423 14.836-6.707 29.143-20.931l18.024-17.952v-374.946h83.725v243.035zM2076.757 799.41c-7.372 16.424-23.806 32.509-37.283 36.485-35.167 10.382-63.375 1.923-95.935-28.708-10.103-9.505-19.51-17.224-20.931-17.224-1.712 0-2.616 7.449-2.616 22.094v22.094h-83.725v-655.845h83.725v106.982c0 58.84 0.786 106.982 1.744 106.982s9.789-7.807 19.624-17.298c22.629-21.841 41.548-31.399 65.557-33.213 42.811-3.24 68.327 18.794 80.018 69.117 3.647 15.696 3.998 33.625 3.998 179.078-0.002 177.178-0.021 177.918-14.175 209.457zM2430.99 702.168c-0.744 18.226-2.954 39.137-4.942 46.514-11.642 43.167-42.635 73.731-87.432 86.269-60.315 16.878-126.704-10.777-153.205-63.812-14.875-29.769-15.408-35.706-15.408-181.185 0-118.617 0.419-133.171 4.214-149.354 10.747-45.788 37.392-75.422 82.49-91.865 13.068-4.765 26.708-7.207 40.337-7.486 48.672-0.998 96.984 25.18 117.229 67.808 13.659 28.76 15.35 41.060 16.717 122.099l1.235 72.678-178.497 1.235-0.654 48.84c-0.93 68.901 3.716 90.088 22.313 102.621 15.645 10.54 39.679 9.745 52.765-1.744 12.263-10.768 15.726-22.336 16.933-56.107l1.091-29.653h86.195l-1.381 33.143z"
        ],
        "tags": [
          "youtube",
          "brand",
          "social"
        ],
        "defaultCode": 60062,
        "grid": 16,
        "attrs": []
      },
      "attrs": [],
      "properties": {
        "ligatures": "youtube2, brand22",
        "name": "youtube2",
        "order": 22,
        "id": 415,
        "prevSize": 32
      },
      "setIdx": 7,
      "setId": 1,
      "iconIdx": 414
    }
  ],
  "height": 1024,
  "preferences": {
    "showGlyphs": true,
    "showQuickUse": true,
    "showQuickUse2": true,
    "showSVGs": true,
    "fontPref": {
      "prefix": "icon-",
      "metadata": {
        "fontFamily": "icomoon"
      },
      "metrics": {
        "emSize": 1024,
        "baseline": 6.25,
        "whitespace": 50
      },
      "embed": false
    },
    "imagePref": {
      "prefix": "icon-",
      "png": false,
      "useClassSelector": true,
      "color": 0,
      "bgColor": 16777215,
      "classSelector": ".icon",
      "name": "icomoon",
      "height": 32,
      "columns": 16,
      "margin": 16
    },
    "historySize": 50,
    "showCodes": true,
    "gridSize": 16
  }
}